MLA Name,Age,Constituency,Gender ,Party,Membership,Education,Start of term,End of Term,Attendance,Attendance -State average,No. of Questions Asked,Question -State Average,Number Of Debates,Debate State Average,Note,Term,State,Image
Abdul Sattar,1900-02-28,Sillod,Male,Shiv Sena,Elected,Graduate,2024-11-23,In Office,,,,,,,"Member's Data is taken from election affidavit 2024 (Updated as on : Nov 24, 2024)",15,Maharashtra,Abdul Sattar.jpg
Abhijeet Dhananjay Patil,1900-02-10,Madha,Male,Nationalist Congress Party-Sharadchandra Pawar,Elected,Inter/ Higher Secondary,2024-11-23,In Office,,,,,,,"Member's Data is taken from election affidavit 2024 (Updated as on : Nov 24, 2024)",15,Maharashtra,Abhijeet Dhananjay Patil.jpg
Abhimanyu Dattatray Pawar,1900-02-22,Ausa,Male,Bharatiya Janata Party,Elected,Post Graduate,2024-11-23,In Office,,,,,,,"Member's Data is taken from election affidavit 2024 (Updated as on : Nov 24, 2024)",15,Maharashtra,Abhimanyu Dattatray Pawar.jpg
Abu Asim Azmi,1900-03-09,Mankhurd Shivaji Nagar,Male,Samajwadi Party,Elected,Graduate,2024-11-23,In Office,,,,,,,"Member's Data is taken from election affidavit 2024 (Updated as on : Nov 24, 2024)",15,Maharashtra,Abu Asim Azmi.jpg
Aditi Sunil Tatkare,1900-02-05,Shrivardhan,Female,Nationalist Congress Party,Elected,Post Graduate,2024-11-23,In Office,,,,,,,"Member's Data is taken from election affidavit 2024 (Updated as on : Nov 24, 2024)",15,Maharashtra,Aditi Sunil Tatkare.jpg
Aditya Uddhav Thackeray,1900-02-03,Worli,Male,Shiv Sena (Uddhav Balasaheb Thackeray),Elected,Graduate,2024-11-23,In Office,,,,,,,"Member's Data is taken from election affidavit 2024 (Updated as on : Nov 24, 2024)",15,Maharashtra,Aditya Uddhav Thackeray.jpg
Ajay Vinayak Choudhari,1900-03-11,Shivadi,Male,Shiv Sena (Uddhav Balasaheb Thackeray),Elected,Inter/ Higher Secondary,2024-11-23,In Office,,,,,,,"Member's Data is taken from election affidavit 2024 (Updated as on : Nov 24, 2024)",15,Maharashtra,Ajay Vinayak Choudhari.jpg
Ajit Anantrao Pawar,1900-03-05,Baramati,Male,Nationalist Congress Party,Elected,Inter/ Higher Secondary,2024-11-23,2026-01-28,,,,,,,"Member's Data is taken from election affidavit 2024 (Updated as on : Nov 24, 2024)",15,Maharashtra,Ajit Anantrao Pawar.jpg
Sunetra Ajit Pawar,1963-10-18,Baramati,Female,Nationalist Congress Party (Ajit Pawar),Elected,Graduate,2026-05-04,In Office,,,,,,,,14,Maharashtra,Sunetra Ajit Pawar.jpg
Akash Pandurang Fundkar,1900-02-10,Khamgaon,Male,Bharatiya Janata Party,Elected,Graduate,2024-11-23,In Office,,,,,,,"Member's Data is taken from election affidavit 2024 (Updated as on : Nov 24, 2024)",15,Maharashtra,Akash Pandurang Fundkar.jpg
Amal Mahadevrao Mahadik,1900-02-15,Kolhapur South,Male,Bharatiya Janata Party,Elected,Graduate,2024-11-23,In Office,,,,,,,"Member's Data is taken from election affidavit 2024 (Updated as on : Nov 24, 2024)",15,Maharashtra,Amal Mahadevrao Mahadik.jpg
Ameet Bhaskar Satam,1900-02-17,Andheri West,Male,Bharatiya Janata Party,Elected,Post Graduate,2024-11-23,In Office,,,,,,,"Member's Data is taken from election affidavit 2024 (Updated as on : Nov 24, 2024)",15,Maharashtra,Ameet Bhaskar Satam.jpg
Ameet Subhashrao Zanak,1900-02-08,Risod,Male,Indian National Congress,Elected,Graduate,2024-11-23,In Office,,,,,,,"Member's Data is taken from election affidavit 2024 (Updated as on : Nov 24, 2024)",15,Maharashtra,Ameet Subhashrao Zanak.jpg
Amin Amir Ali Patel,1900-03-01,Mumbadevi,Male,Indian National Congress,Elected,Inter/ Higher Secondary,2024-11-23,In Office,,,,,,,"Member's Data is taken from election affidavit 2024 (Updated as on : Nov 24, 2024)",15,Maharashtra,Amin Amir Ali Patel.jpg
Amit Vilasrao Deshmukh,1900-02-17,Latur City,Male,Indian National Congress,Elected,Graduate,2024-11-23,In Office,,,,,,,"Member's Data is taken from election affidavit 2024 (Updated as on : Nov 24, 2024)",15,Maharashtra,Amit Vilasrao Deshmukh.jpg
Amol Chimanrao Patil,1900-02-15,Erandol,Male,Shiv Sena,Elected,Graduate,2024-11-23,In Office,,,,,,,"Member's Data is taken from election affidavit 2024 (Updated as on : Nov 24, 2024)",15,Maharashtra,Amol Chimanrao Patil.jpg
Amol Dhondiba Khatal,1900-02-10,Sangamner,Male,Shiv Sena,Elected,Graduate,2024-11-23,In Office,,,,,,,"Member's Data is taken from election affidavit 2024 (Updated as on : Nov 24, 2024)",15,Maharashtra,Amol Dhondiba Khatal.jpg
Amol Haribhau Jawale,1900-02-11,Raver,Male,Bharatiya Janata Party,Elected,Post Graduate,2024-11-23,In Office,,,,,,,"Member's Data is taken from election affidavit 2024 (Updated as on : Nov 24, 2024)",15,Maharashtra,Amol Haribhau Jawale.jpg
Amshya Fulji Padvi,1900-02-25,Akkalkuwa,Male,Shiv Sena,Elected,Inter/ Higher Secondary,2024-11-23,In Office,,,,,,,"Member's Data is taken from election affidavit 2024 (Updated as on : Nov 24, 2024)",15,Maharashtra,Amshya Fulji Padvi.jpg
Anand Shankar Tidke,1900-02-11,Nanded South,Male,Shiv Sena,Elected,Inter/ Higher Secondary,2024-11-23,In Office,,,,,,,"Member's Data is taken from election affidavit 2024 (Updated as on : Nov 24, 2024)",15,Maharashtra,Anand Shankar Tidke.jpg
Anant (Bala) B. Nar,1900-02-28,Jogeshwari East,Male,Shiv Sena (Uddhav Balasaheb Thackeray),Elected,Inter/ Higher Secondary,2024-11-23,In Office,,,,,,,"Member's Data is taken from election affidavit 2024 (Updated as on : Nov 24, 2024)",15,Maharashtra,AAnant (Bala) B. Nar.jpg
Anil Alias Balasaheb Shankarrao Mangulkar,1900-03-05,Yavatmal,Male,Indian National Congress,Elected,Inter/ Higher Secondary,2024-11-23,In Office,,,,,,,"Member's Data is taken from election affidavit 2024 (Updated as on : Nov 24, 2024)",15,Maharashtra,Anil Alias Balasaheb Shankarrao Mangulkar.jpg
Anil Bhaidas Patil,1900-02-26,Amalner,Male,Nationalist Congress Party,Elected,Post Graduate,2024-11-23,In Office,,,,,,,"Member's Data is taken from election affidavit 2024 (Updated as on : Nov 24, 2024)",15,Maharashtra,Anil Bhaidas Patil.jpg
Anna Dadu Bansode,1900-02-25,Pimpri,Male,Nationalist Congress Party,Elected,Inter/ Higher Secondary,2024-11-23,In Office,,,,,,,"Member's Data is taken from election affidavit 2024 (Updated as on : Nov 24, 2024)",15,Maharashtra,Anna Dadu Bansode.jpg
Anupbhaiyya Omprakash Agrawal,1900-02-19,Dhule City,Male,Bharatiya Janata Party,Elected,Inter/ Higher Secondary,2024-11-23,In Office,,,,,,,"Member's Data is taken from election affidavit 2024 (Updated as on : Nov 24, 2024)",15,Maharashtra,Agrawal Anupbhaiyya Omprakash.jpg
Anuradha Atul Chavan,1900-02-21,Phulambri,Female,Bharatiya Janata Party,Elected,Graduate,2024-11-23,In Office,,,,,,,"Member's Data is taken from election affidavit 2024 (Updated as on : Nov 24, 2024)",15,Maharashtra,Anuradha Atul Chavan.jpg
Arjun Panditrao Khotkar,1900-03-02,Jalna,Male,Shiv Sena,Elected,Graduate,2024-11-23,In Office,,,,,,,"Member's Data is taken from election affidavit 2024 (Updated as on : Nov 24, 2024)",15,Maharashtra,Arjun Panditrao Khotkar.jpg
Ashish Nandkishore Jaiswal (Vakil),1900-02-22,Ramtek,Male,Shiv Sena,Elected,Graduate,2024-11-23,In Office,,,,,,,"Member's Data is taken from election affidavit 2024 (Updated as on : Nov 24, 2024)",15,Maharashtra,Ashish Nandkishore Jaiswal(Vakil).jpg
Ashish Shelar,1900-02-21,Vandre West,Male,Bharatiya Janata Party,Elected,Graduate,2024-11-23,In Office,,,,,,,"Member's Data is taken from election affidavit 2024 (Updated as on : Nov 24, 2024)",15,Maharashtra,Ashish Shelar.jpg
Ashishrao Deshmukh,1900-02-18,Savner,Male,Bharatiya Janata Party,Elected,Post Graduate,2024-11-23,In Office,,,,,,,"Member's Data is taken from election affidavit 2024 (Updated as on : Nov 24, 2024)",15,Maharashtra,Ashishrao Deshmukh.jpg
Ashok Dharmaraj Patil,1900-03-04,Bhandup West,Male,Shiv Sena,Elected,Graduate,2024-11-23,In Office,,,,,,,"Member's Data is taken from election affidavit 2024 (Updated as on : Nov 24, 2024)",15,Maharashtra,Ashok Dharmaraj Patil.jpg
Ashok Ramaji Wooike,1900-03-01,Ralegaon,Male,Bharatiya Janata Party,Elected,Post Graduate,2024-11-23,In Office,,,,,,,"Member's Data is taken from election affidavit 2024 (Updated as on : Nov 24, 2024)",15,Maharashtra,Ashok Ramaji Wooike.jpg
Ashokrao Kondiram Mane,1900-03-10,Hatkanangle,Male,Jan Surajya Shakti,Elected,Inter/ Higher Secondary,2024-11-23,In Office,,,,,,,"Member's Data is taken from election affidavit 2024 (Updated as on : Nov 24, 2024)",15,Maharashtra,Dalitmitra Dr.Ashokrao Mane(Bapu.jpg
Ashutosh Ashokrao Kale,1900-02-08,Kopargaon,Male,Nationalist Congress Party,Elected,Post Graduate,2024-11-23,In Office,,,,,,,"Member's Data is taken from election affidavit 2024 (Updated as on : Nov 24, 2024)",15,Maharashtra,Ashutosh Ashokrao Kale.jpg
Aslam Ramjanali Shaikh,1900-02-24,Malad West,Male,Indian National Congress,Elected,Inter/ Higher Secondary,2024-11-23,In Office,,,,,,,"Member's Data is taken from election affidavit 2024 (Updated as on : Nov 24, 2024)",15,Maharashtra,Aslam Ramjanali Shaikh.jpg
Atram Dharamraobaba Bhagwantrao,1900-03-11,Aheri,Male,Nationalist Congress Party,Elected,Inter/ Higher Secondary,2024-11-23,In Office,,,,,,,"Member's Data is taken from election affidavit 2024 (Updated as on : Nov 24, 2024)",15,Maharashtra,Atram Dharamraobaba Bhagwantrao.jpg
Atul Bhatkhalkar,1900-02-28,Kandivali East,Male,Bharatiya Janata Party,Elected,Graduate,2024-11-23,In Office,,,,,,,"Member's Data is taken from election affidavit 2024 (Updated as on : Nov 24, 2024)",15,Maharashtra,Atul Bhatkhalkar.jpg
Atul Moreshwar Save,1900-03-02,Aurangabad East,Male,Bharatiya Janata Party,Elected,Graduate,2024-11-23,In Office,,,,,,,"Member's Data is taken from election affidavit 2024 (Updated as on : Nov 24, 2024)",15,Maharashtra,Atul Moreshwar Save.jpg
Atulbaba Suresh Bhosale,1900-02-10,Karad South,Male,Bharatiya Janata Party,Elected,Graduate,2024-11-23,In Office,,,,,,,"Member's Data is taken from election affidavit 2024 (Updated as on : Nov 24, 2024)",15,Maharashtra,Atulbaba Suresh Bhosale.jpg
Babaji Ramchandra Kale,1900-02-23,Khed Alandi,Male,Shiv Sena (Uddhav Balasaheb Thackeray),Elected,Graduate,2024-11-23,In Office,,,,,,,"Member's Data is taken from election affidavit 2024 (Updated as on : Nov 24, 2024)",15,Maharashtra,Babaji Ramchandra Kale.jpg
Babanrao Dattatray Yadav (Lonikar),1900-03-05,Partur,Male,Bharatiya Janata Party,Elected,Inter/ Higher Secondary,2024-11-23,In Office,,,,,,,"Member's Data is taken from election affidavit 2024 (Updated as on : Nov 24, 2024)",15,Maharashtra,Babanrao Dattatray Yadav (Lonikar).jpg
Babasaheb Annasaheb Deshmukh,1900-02-06,Sangole,Male,Peasants And Workers Party Of India,Elected,Post Graduate,2024-11-23,In Office,,,,,,,"Member's Data is taken from election affidavit 2024 (Updated as on : Nov 24, 2024)",15,Maharashtra,Babasaheb Annasaheb Deshmukh.jpg
Babasaheb Mohanrao Patil,1900-03-05,Ahmadpur,Male,Nationalist Congress Party,Elected,Graduate,2024-11-23,In Office,,,,,,,"Member's Data is taken from election affidavit 2024 (Updated as on : Nov 24, 2024)",15,Maharashtra,Babasaheb Mohanrao Patil.jpg
Balaji Devidasrao Kalyankar,1900-02-14,Nanded North,Male,Shiv Sena,Elected,Inter/ Higher Secondary,2024-11-23,In Office,,,,,,,"Member's Data is taken from election affidavit 2024 (Updated as on : Nov 24, 2024)",15,Maharashtra,Balaji Devidasrao Kalyankar.jpg
Balaji Pralhad Kinikar,1900-02-21,Ambernath,Male,Shiv Sena,Elected,Graduate,2024-11-23,In Office,,,,,,,"Member's Data is taken from election affidavit 2024 (Updated as on : Nov 24, 2024)",15,Maharashtra,Balaji Pralhad Kinikar.jpg
Banti Bhangdiya,1900-02-11,Chimur,Male,Bharatiya Janata Party,Elected,Graduate,2024-11-23,In Office,,,,,,,"Member's Data is taken from election affidavit 2024 (Updated as on : Nov 24, 2024)",15,Maharashtra,Banti Bhangdiya.jpg
Bapusaheb Tukaram Pathare,1900-03-05,Vadgaon Sheri,Male,Nationalist Congress Party-Sharadchandra Pawar,Elected,Inter/ Higher Secondary,2024-11-23,In Office,,,,,,,"Member's Data is taken from election affidavit 2024 (Updated as on : Nov 24, 2024)",15,Maharashtra,Bapusaheb Tukaram Pathare.jpg
Bharat Maruti Gogawale,1900-03-01,Mahad,Male,Shiv Sena,Elected,Inter/ Higher Secondary,2024-11-23,In Office,,,,,,,"Member's Data is taken from election affidavit 2024 (Updated as on : Nov 24, 2024)",15,Maharashtra,Gogawale Bharat Maruti.jpg
Bhaskar Bhaurao Jadhav,1900-03-07,Guhagar,Male,Shiv Sena (Uddhav Balasaheb Thackeray),Elected,Inter/ Higher Secondary,2024-11-23,In Office,,,,,,,"Member's Data is taken from election affidavit 2024 (Updated as on : Nov 24, 2024)",15,Maharashtra,Jadhav Bhaskar Bhaurao.jpg
Bhimrao Dhondiba Tapkir,1900-03-04,Khadakwasala,Male,Bharatiya Janata Party,Elected,Inter/ Higher Secondary,2024-11-23,In Office,,,,,,,"Member's Data is taken from election affidavit 2024 (Updated as on : Nov 24, 2024)",15,Maharashtra,Bhimrao Dhondiba Tapkir.jpg
Bhimrao Ramji Keram,1900-02-25,Kinwat,Male,Bharatiya Janata Party,Elected,Inter/ Higher Secondary,2024-11-23,In Office,,,,,,,"Member's Data is taken from election affidavit 2024 (Updated as on : Nov 24, 2024)",15,Maharashtra,Bhimrao Ramji Keram.jpg
Chainsukh Madanlal Sancheti,1900-03-11,Malkapur,Male,Bharatiya Janata Party,Elected,Graduate,2024-11-23,In Office,,,,,,,"Member's Data is taken from election affidavit 2024 (Updated as on : Nov 24, 2024)",15,Maharashtra,Chainsukh Madanlal Sancheti.jpg
Chandradeep Shashikant Narake,1900-02-26,Karvir,Male,Shiv Sena,Elected,Graduate,2024-11-23,In Office,,,,,,,"Member's Data is taken from election affidavit 2024 (Updated as on : Nov 24, 2024)",15,Maharashtra,Chandradeep Shashikant Narake.jpg
Chandrakant (Dada) Bachhu Patil,1900-03-05,Kothrud,Male,Bharatiya Janata Party,Elected,Graduate,2024-11-23,In Office,,,,,,,"Member's Data is taken from election affidavit 2024 (Updated as on : Nov 24, 2024)",15,Maharashtra,Chandrakant (Dada) Bachhu Patil.jpg
Chandrakant alias Rajubhaiya Ramakant Navghare,1900-02-12,Basmath,Male,Nationalist Congress Party,Elected,Post Graduate,2024-11-23,In Office,,,,,,,"Member's Data is taken from election affidavit 2024 (Updated as on : Nov 24, 2024)",15,Maharashtra,Chandrakant Alias Rajubhaiya Ramakant Navghare.jpg
Chandrakant Baliram Sonawane,1900-03-03,Chopda,Male,Shiv Sena,Elected,Post Graduate,2024-11-23,In Office,,,,,,,"Member's Data is taken from election affidavit 2024 (Updated as on : Nov 24, 2024)",15,Maharashtra,Chandrakant Baliram Sonawane.jpg
Chandrakant Nimba Patil,1900-02-20,Muktainagar,Male,Shiv Sena,Elected,Inter/ Higher Secondary,2024-11-23,In Office,,,,,,,"Member's Data is taken from election affidavit 2024 (Updated as on : Nov 24, 2024)",15,Maharashtra,Chandrakant Nimba Patil.jpg
Chandrashekhar Krushnarao Bawankule,1900-02-24,Kamthi,Male,Bharatiya Janata Party,Elected,Inter/ Higher Secondary,2024-11-23,In Office,,,,,,,"Member's Data is taken from election affidavit 2024 (Updated as on : Nov 24, 2024)",15,Maharashtra,Chandrashekhar Krushnarao Bawankule.jpg
Charansing Babulalji Thakur,1900-03-05,Katol,Male,Bharatiya Janata Party,Elected,Inter/ Higher Secondary,2024-11-23,In Office,,,,,,,"Member's Data is taken from election affidavit 2024 (Updated as on : Nov 24, 2024)",15,Maharashtra,Charansing Babulalji Thakur.jpg
Chetan Vitthal Tupe,1900-02-22,Hadapsar,Male,Nationalist Congress Party,Elected,Inter/ Higher Secondary,2024-11-23,In Office,,,,,,,"Member's Data is taken from election affidavit 2024 (Updated as on : Nov 24, 2024)",15,Maharashtra,Chetan Vitthal Tupe.jpg
Chhagan Bhujbal,1900-03-17,Yevla,Male,Nationalist Congress Party,Elected,Inter/ Higher Secondary,2024-11-23,In Office,,,,,,,"Member's Data is taken from election affidavit 2024 (Updated as on : Nov 24, 2024)",15,Maharashtra,Chhagan Bhujbal.jpg
Dadaji Dagdu Bhuse,1900-02-29,Malegaon Outer,Male,Shiv Sena,Elected,Inter/ Higher Secondary,2024-11-23,In Office,,,,,,,"Member's Data is taken from election affidavit 2024 (Updated as on : Nov 24, 2024)",15,Maharashtra,Dadaji Dagdu Bhuse.jpg
Daulat Bhika Daroda,1900-02-25,Shahapur,Male,Nationalist Congress Party,Elected,Graduate,2024-11-23,In Office,,,,,,,"Member's Data is taken from election affidavit 2024 (Updated as on : Nov 24, 2024)",15,Maharashtra,Daulat Bhika Daroda.jpg
Deepak Vasantrao Kesarkar,1900-03-09,Sawantwadi,Male,Shiv Sena,Elected,Graduate,2024-11-23,In Office,,,,,,,"Member's Data is taken from election affidavit 2024 (Updated as on : Nov 24, 2024)",15,Maharashtra,Deepak Vasantrao Kesarkar.jpg
Deorao Vithoba Bhongle,1900-02-15,Rajura,Male,Bharatiya Janata Party,Elected,Post Graduate,2024-11-23,In Office,,,,,,,"Member's Data is taken from election affidavit 2024 (Updated as on : Nov 24, 2024)",15,Maharashtra,Deorao Vithoba Bhongle.jpg
Devendra Gangadhar Fadnavis,1900-02-23,Nagpur South West,Male,Bharatiya Janata Party,Elected,Graduate,2024-11-23,In Office,,,,,,,"Member's Data is taken from election affidavit 2024 (Updated as on : Nov 24, 2024)",15,Maharashtra,Devendra Gangadhar Fadnavis.jpg
Devendra Rajesh Kothe,1900-02-03,Solapur City Central,Male,Bharatiya Janata Party,Elected,Graduate,2024-11-23,In Office,,,,,,,"Member's Data is taken from election affidavit 2024 (Updated as on : Nov 24, 2024)",15,Maharashtra,Devendra Rajesh Kothe.jpg
Devyani Suhas Pharande,1900-02-27,Nashik Central,Female,Bharatiya Janata Party,Elected,Post Graduate,2024-11-23,In Office,,,,,,,"Member's Data is taken from election affidavit 2024 (Updated as on : Nov 24, 2024)",15,Maharashtra,Devyani Suhas Pharande.jpg
Dhananjay Hari Gadgil,1900-03-11,Sangli,Male,Bharatiya Janata Party,Elected,Graduate,2024-11-23,In Office,,,,,,,"Member's Data is taken from election affidavit 2024 (Updated as on : Nov 24, 2024)",15,Maharashtra,Dhananjay Hari Gadgil.jpg
Dhananjay Panditrao Munde,1900-02-18,Parli,Male,Nationalist Congress Party,Elected,Graduate,2024-11-23,In Office,,,,,,,"Member's Data is taken from election affidavit 2024 (Updated as on : Nov 24, 2024)",15,Maharashtra,Dhananjay Panditrao Munde.jpg
Dilip Bhausaheb Lande,1900-03-03,Chandivali,Male,Shiv Sena,Elected,Graduate,2024-11-23,In Office,,,,,,,"Member's Data is taken from election affidavit 2024 (Updated as on : Nov 24, 2024)",15,Maharashtra,Dilip Bhausaheb Lande.jpg
Dilip Dattatray Walse Patil,1900-03-07,Ambegaon,Male,Nationalist Congress Party,Elected,Post Graduate,2024-11-23,In Office,,,,,,,"Member's Data is taken from election affidavit 2024 (Updated as on : Nov 24, 2024)",15,Maharashtra,Dilip Dattatray Walse Patil.jpg
Dilip Gangadhar Sopal,1900-03-15,Barshi,Male,Shiv Sena (Uddhav Balasaheb Thackeray),Elected,Graduate,2024-11-23,In Office,,,,,,,"Member's Data is taken from election affidavit 2024 (Updated as on : Nov 24, 2024)",15,Maharashtra,Dilip Gangadhar Sopal.jpg
Dilip Manglu Borse,1900-02-28,Baglan,Male,Bharatiya Janata Party,Elected,Graduate,2024-11-23,In Office,,,,,,,"Member's Data is taken from election affidavit 2024 (Updated as on : Nov 24, 2024)",15,Maharashtra,Dilip Manglu Borse.jpg
Diliprao Shankarrao Bankar,1900-02-29,Niphad,Male,Nationalist Congress Party,Elected,Graduate,2024-11-23,In Office,,,,,,,"Member's Data is taken from election affidavit 2024 (Updated as on : Nov 24, 2024)",15,Maharashtra,Bankar Diliprao Shankarrao.jpg
Dnyaneshwar Alias Mauli Aba Katke,1900-02-16,Shirur,Male,Nationalist Congress Party,Elected,Inter/ Higher Secondary,2024-11-23,In Office,,,,,,,"Member's Data is taken from election affidavit 2024 (Updated as on : Nov 24, 2024)",15,Maharashtra,Dnyaneshwar Alias Mauli Aba Katke.jpg
Eknath Sambhaji Shinde,1900-02-29,Kopri - Pachpakhadi,Male,Shiv Sena,Elected,Graduate,2024-11-23,In Office,,,,,,,"Member's Data is taken from election affidavit 2024 (Updated as on : Nov 24, 2024)",15,Maharashtra,Eknath Sambhaji Shinde.jpg
Gajanan Motiram Lawate,1900-02-23,Daryapur,Male,Shiv Sena (Uddhav Balasaheb Thackeray),Elected,Inter/ Higher Secondary,2024-11-23,In Office,,,,,,,"Member's Data is taken from election affidavit 2024 (Updated as on : Nov 24, 2024)",15,Maharashtra,Gajanan Motiram Lawate.jpg
Ganesh Ramchandra Naik,1900-03-14,Airoli,Male,Bharatiya Janata Party,Elected,Inter/ Higher Secondary,2024-11-23,In Office,,,,,,,"Member's Data is taken from election affidavit 2024 (Updated as on : Nov 24, 2024)",15,Maharashtra,Ganesh Ramchandra Naik.jpg
Girish Dattatray Mahajan,1900-03-04,Jamner,Male,Bharatiya Janata Party,Elected,Inter/ Higher Secondary,2024-11-23,In Office,,,,,,,"Member's Data is taken from election affidavit 2024 (Updated as on : Nov 24, 2024)",15,Maharashtra,Girish Dattatray Mahajan.jpg
Gopichand Kundlik Padalkar,1900-02-12,Jat,Male,Bharatiya Janata Party,Elected,Inter/ Higher Secondary,2024-11-23,In Office,,,,,,,"Member's Data is taken from election affidavit 2024 (Updated as on : Nov 24, 2024)",15,Maharashtra,Gopichand Kundlik Padalkar.jpg
Gulabrao Raghunath Patil,1900-02-27,Jalgaon Rural,Male,Shiv Sena,Elected,Inter/ Higher Secondary,2024-11-23,In Office,,,,,,,"Member's Data is taken from election affidavit 2024 (Updated as on : Nov 24, 2024)",15,Maharashtra,Gulabrao Raghunath Patil.jpg
Harish Marotiappa Pimple,1900-02-16,Murtizapur,Male,Bharatiya Janata Party,Elected,Inter/ Higher Secondary,2024-11-23,In Office,,,,,,,"Member's Data is taken from election affidavit 2024 (Updated as on : Nov 24, 2024)",15,Maharashtra,Harish Marotiappa Pimple.jpg
Harishchandra Sakharam Bhoye,1900-02-24,Vikramgad,Male,Bharatiya Janata Party,Elected,Inter/ Higher Secondary,2024-11-23,In Office,,,,,,,"Member's Data is taken from election affidavit 2024 (Updated as on : Nov 24, 2024)",15,Maharashtra,Bhoye Harishchandra Sakharam.jpg
Haroon Khan,1900-03-02,Versova,Male,Shiv Sena (Uddhav Balasaheb Thackeray),Elected,Inter/ Higher Secondary,2024-11-23,In Office,,,,,,,"Member's Data is taken from election affidavit 2024 (Updated as on : Nov 24, 2024)",15,Maharashtra,Haroon Khan.jpg
Hasan Miyalal Mushrif,1900-03-10,Kagal,Male,Nationalist Congress Party,Elected,Graduate,2024-11-23,In Office,,,,,,,"Member's Data is taken from election affidavit 2024 (Updated as on : Nov 24, 2024)",15,Maharashtra,Mushrif Hasan Miyalal.jpg
Hemant Bhujangrao Ogale,1900-02-13,Shrirampur,Male,Indian National Congress,Elected,Post Graduate,2024-11-23,In Office,,,,,,,"Member's Data is taken from election affidavit 2024 (Updated as on : Nov 24, 2024)",15,Maharashtra,Ogale Hemant Bhujangrao.jpg
Hemant Narayan Rasane,1900-02-23,Kasba Peth,Male,Bharatiya Janata Party,Elected,Inter/ Higher Secondary,2024-11-23,In Office,,,,,,,"Member's Data is taken from election affidavit 2024 (Updated as on : Nov 24, 2024)",15,Maharashtra,Hemant Narayan Rasane.jpg
Hikmat Baliram Udhan,1900-03-01,Ghansawangi,Male,Shiv Sena,Elected,Graduate,2024-11-23,In Office,,,,,,,"Member's Data is taken from election affidavit 2024 (Updated as on : Nov 24, 2024)",15,Maharashtra,Udhan Hikmat Baliram.jpg
Hiraman Bhika Khoskar,1900-02-29,Igatpuri,Male,Nationalist Congress Party,Elected,Inter/ Higher Secondary,2024-11-23,In Office,,,,,,,"Member's Data is taken from election affidavit 2024 (Updated as on : Nov 24, 2024)",15,Maharashtra,Khoskar Hiraman Bhika.jpg
Indranil Manohar Naik,1900-02-11,Pusad,Male,Nationalist Congress Party,Elected,Graduate,2024-11-23,In Office,,,,,,,"Member's Data is taken from election affidavit 2024 (Updated as on : Nov 24, 2024)",15,Maharashtra,Indranil Manohar Naik.jpg
Jayant Rajaram Patil,1900-03-02,Islampur,Male,Nationalist Congress Party-Sharadchandra Pawar,Elected,Graduate,2024-11-23,In Office,,,,,,,"Member's Data is taken from election affidavit 2024 (Updated as on : Nov 24, 2024)",15,Maharashtra,Jayant Rajaram Patil.jpg
Jaykumar Bhagavanrao Gore,1900-02-19,Man,Male,Bharatiya Janata Party,Elected,Inter/ Higher Secondary,2024-11-23,In Office,,,,,,,"Member's Data is taken from election affidavit 2024 (Updated as on : Nov 24, 2024)",15,Maharashtra,Jaykumar Bhagavanrao Gore.jpg
Jaykumar Jitendrasinh Rawal,1900-02-18,Sindkheda,Male,Bharatiya Janata Party,Elected,Graduate,2024-11-23,In Office,,,,,,,"Member's Data is taken from election affidavit 2024 (Updated as on : Nov 24, 2024)",15,Maharashtra,Jaykumar Jitendrasinh Rawal.jpg
Jitendra Satish Awhad,1900-03-01,Mumbra - Kalwa,Male,Nationalist Congress Party-Sharadchandra Pawar,Elected,Post Graduate,2024-11-23,In Office,,,,,,,"Member's Data is taken from election affidavit 2024 (Updated as on : Nov 24, 2024)",15,Maharashtra,Awhad Jitendra Satish.jpg
Jitesh Raosaheb Antapurkar,1900-02-03,Deglur,Male,Bharatiya Janata Party,Elected,Graduate,2024-11-23,In Office,,,,,,,"Member's Data is taken from election affidavit 2024 (Updated as on : Nov 24, 2024)",15,Maharashtra,Antapurkar Jitesh Raosaheb.jpg
Jyoti Eknath Gaikwad,1900-02-16,Dharavi,Female,Indian National Congress,Elected,Post Graduate,2024-11-23,In Office,,,,,,,"Member's Data is taken from election affidavit 2024 (Updated as on : Nov 24, 2024)",15,Maharashtra,Gaikwad Jyoti Eknath.jpg
Kailas Balasaheb Ghadge Patil,1900-02-12,Osmanabad,Male,Shiv Sena (Uddhav Balasaheb Thackeray),Elected,Graduate,2024-11-23,In Office,,,,,,,"Member's Data is taken from election affidavit 2024 (Updated as on : Nov 24, 2024)",15,Maharashtra,Kailas Balasaheb Ghadge Patil.jpg
Kalidas Nilkanth Kolambkar,1900-03-11,Wadala,Male,Bharatiya Janata Party,Elected,Inter/ Higher Secondary,2024-11-23,In Office,,,,,,,"Member's Data is taken from election affidavit 2024 (Updated as on : Nov 24, 2024)",15,Maharashtra,Kalidas Nilkanth Kolambkar.jpg
Karan Sanjay Deotale,1900-01-29,Warora,Male,Bharatiya Janata Party,Elected,Post Graduate,2024-11-23,In Office,,,,,,,"Member's Data is taken from election affidavit 2024 (Updated as on : Nov 24, 2024)",15,Maharashtra,Karan Sanjay Deotale.jpg
Kashinath Mahadu Date,1900-03-10,Parner,Male,Nationalist Congress Party,Elected,Graduate,2024-11-23,In Office,,,,,,,"Member's Data is taken from election affidavit 2024 (Updated as on : Nov 24, 2024)",15,Maharashtra,Kashinath Mahadu Date Sir.jpg
Kashiram Vechan Pawara,1900-02-27,Shirpur,Male,Bharatiya Janata Party,Elected,Inter/ Higher Secondary,2024-11-23,In Office,,,,,,,"Member's Data is taken from election affidavit 2024 (Updated as on : Nov 24, 2024)",15,Maharashtra,Kashiram Vechan Pawara.jpg
Kewalram Tulsiram Kale,1900-03-01,Melghat,Male,Bharatiya Janata Party,Elected,Inter/ Higher Secondary,2024-11-23,In Office,,,,,,,"Member's Data is taken from election affidavit 2024 (Updated as on : Nov 24, 2024)",15,Maharashtra,Kewalram Tulsiram Kale.jpg
Kiran Alias Bhaiyya Samant,1900-02-20,Rajapur,Male,Shiv Sena,Elected,Inter/ Higher Secondary,2024-11-23,In Office,,,,,,,"Member's Data is taken from election affidavit 2024 (Updated as on : Nov 24, 2024)",15,Maharashtra,Kiran Alias Bhaiyya Samant.jpg
Kiran Yamaji Lahamate,1900-02-19,Akole,Male,Nationalist Congress Party,Elected,Graduate,2024-11-23,In Office,,,,,,,"Member's Data is taken from election affidavit 2024 (Updated as on : Nov 24, 2024)",15,Maharashtra,Kiran Yamaji Lahamate.jpg
Kisan Maroti Wankhede,1900-02-29,Umarkhed,Male,Bharatiya Janata Party,Elected,Graduate,2024-11-23,In Office,,,,,,,"Member's Data is taken from election affidavit 2024 (Updated as on : Nov 24, 2024)",15,Maharashtra,Kisan Maroti Wankhede.jpg
Kisan Shankar Kathore,1900-03-12,Murbad,Male,Bharatiya Janata Party,Elected,Inter/ Higher Secondary,2024-11-23,In Office,,,,,,,"Member's Data is taken from election affidavit 2024 (Updated as on : Nov 24, 2024)",15,Maharashtra,Kisan Shankar Kathore.jpg
Kishor Appa Patil,1900-02-23,Pachora,Male,Shiv Sena,Elected,Inter/ Higher Secondary,2024-11-23,In Office,,,,,,,"Member's Data is taken from election affidavit 2024 (Updated as on : Nov 24, 2024)",15,Maharashtra,Kishor Appa Patil.jpg
Kishor Gajanan Jorgewar,1900-02-25,Chandrapur,Male,Bharatiya Janata Party,Elected,Inter/ Higher Secondary,2024-11-23,In Office,,,,,,,"Member's Data is taken from election affidavit 2024 (Updated as on : Nov 24, 2024)",15,Maharashtra,Jorgewar Kishor Gajanan.jpg
Krishna Pancham Khopde,1900-03-05,Nagpur East,Male,Bharatiya Janata Party,Elected,Inter/ Higher Secondary,2024-11-23,In Office,,,,,,,"Member's Data is taken from election affidavit 2024 (Updated as on : Nov 24, 2024)",15,Maharashtra,Khopde Krishna Pancham.jpg
Kumar Uttamchand Ailani,1900-03-06,Ulhasnagar,Male,Bharatiya Janata Party,Elected,Inter/ Higher Secondary,2024-11-23,In Office,,,,,,,"Member's Data is taken from election affidavit 2024 (Updated as on : Nov 24, 2024)",15,Maharashtra,Ailani Kumar Uttamchand.jpg
Madhuri Satish Misal,1900-02-29,Parvati,Female,Bharatiya Janata Party,Elected,Graduate,2024-11-23,In Office,,,,,,,"Member's Data is taken from election affidavit 2024 (Updated as on : Nov 24, 2024)",15,Maharashtra,Madhuri Satish Misal.jpg
Mahendra Hari Dalvi,1900-02-28,Alibag,Male,Shiv Sena,Elected,Inter/ Higher Secondary,2024-11-23,In Office,,,,,,,"Member's Data is taken from election affidavit 2024 (Updated as on : Nov 24, 2024)",15,Maharashtra,Mahendra Hari Dalvi.jpg
Mahendra Sadashiv Thorve,1900-02-21,Karjat,Male,Shiv Sena,Elected,Inter/ Higher Secondary,2024-11-23,In Office,,,,,,,"Member's Data is taken from election affidavit 2024 (Updated as on : Nov 24, 2024)",15,Maharashtra,Thorve Mahendra Sadashiv.jpg
Mahesh (Dada) Kisan Landge,1900-02-17,Bhosari,Male,Bharatiya Janata Party,Elected,Graduate,2024-11-23,In Office,,,,,,,"Member's Data is taken from election affidavit 2024 (Updated as on : Nov 24, 2024)",15,Maharashtra,Mahesh (Dada) Kisan Landge.jpg
Mahesh Baldi,1900-02-26,Uran,Male,Bharatiya Janata Party,Elected,Inter/ Higher Secondary,2024-11-23,In Office,,,,,,,"Member's Data is taken from election affidavit 2024 (Updated as on : Nov 24, 2024)",15,Maharashtra,Mahesh Baldi.jpg
Mahesh Baliram Sawant,1900-02-21,Mahim,Male,Shiv Sena (Uddhav Balasaheb Thackeray),Elected,Graduate,2024-11-23,In Office,,,,,,,"Member's Data is taken from election affidavit 2024 (Updated as on : Nov 24, 2024)",15,Maharashtra,Mahesh Baliram Sawant.jpg
Mahesh Prabhakar Choughule,1900-02-19,Bhiwandi West,Male,Bharatiya Janata Party,Elected,Inter/ Higher Secondary,2024-11-23,In Office,,,,,,,"Member's Data is taken from election affidavit 2024 (Updated as on : Nov 24, 2024)",15,Maharashtra,Choughule Mahesh Prabhakar.jpg
Mahesh Sambhajiraje Shinde,1900-02-18,Koregaon,Male,Shiv Sena,Elected,Graduate,2024-11-23,In Office,,,,,,,"Member's Data is taken from election affidavit 2024 (Updated as on : Nov 24, 2024)",15,Maharashtra,Mahesh Sambhajiraje Shinde.jpg
Makrand Laxmanrao Jadhav (Patil),1900-02-28,Wai,Male,Nationalist Congress Party,Elected,Inter/ Higher Secondary,2024-11-23,In Office,,,,,,,"Member's Data is taken from election affidavit 2024 (Updated as on : Nov 24, 2024)",15,Maharashtra,Makrand Laxmanrao Jadhav (Patil).jpg
Manda Vijay Mhatre,1900-03-08,Belapur,Female,Bharatiya Janata Party,Elected,Inter/ Higher Secondary,2024-11-23,In Office,,,,,,,"Member's Data is taken from election affidavit 2024 (Updated as on : Nov 24, 2024)",15,Maharashtra,Manda Vijay Mhatre.jpg
Mangal Prabhat Lodha,1900-03-09,Malabar Hill,Male,Bharatiya Janata Party,Elected,Graduate,2024-11-23,In Office,,,,,,,"Member's Data is taken from election affidavit 2024 (Updated as on : Nov 24, 2024)",15,Maharashtra,Mangal Prabhat Lodha.jpg
Mangesh Kudalkar,1900-02-22,Kurla,Male,Shiv Sena,Elected,Inter/ Higher Secondary,2024-11-23,In Office,,,,,,,"Member's Data is taken from election affidavit 2024 (Updated as on : Nov 24, 2024)",15,Maharashtra,Kudalkar Mangesh.jpg
Mangesh Ramesh Chavan,1900-02-10,Chalisgaon,Male,Bharatiya Janata Party,Elected,Inter/ Higher Secondary,2024-11-23,In Office,,,,,,,"Member's Data is taken from election affidavit 2024 (Updated as on : Nov 24, 2024)",15,Maharashtra,Mangesh Ramesh Chavan.jpg
Manikrao Shivaji Kokate,1900-03-07,Sinnar,Male,Nationalist Congress Party,Elected,Graduate,2024-11-23,In Office,,,,,,,"Member's Data is taken from election affidavit 2024 (Updated as on : Nov 24, 2024)",15,Maharashtra,Kokate Manikrao Shivaji.jpg
Manisha Ashok Chaudhary,1900-03-03,Dahisar,Female,Bharatiya Janata Party,Elected,Graduate,2024-11-23,In Office,,,,,,,"Member's Data is taken from election affidavit 2024 (Updated as on : Nov 24, 2024)",15,Maharashtra,Chaudhary Manisha Ashok.jpg
Manjula Tulshiram Gavit,1900-03-01,Sakri,Female,Shiv Sena,Elected,Graduate,2024-11-23,In Office,,,,,,,"Member's Data is taken from election affidavit 2024 (Updated as on : Nov 24, 2024)",15,Maharashtra,Manjula Tulshiram Gavit.jpg
Manoj Bhimrao Ghorpade,1900-02-16,Karad North,Male,Bharatiya Janata Party,Elected,Graduate,2024-11-23,In Office,,,,,,,"Member's Data is taken from election affidavit 2024 (Updated as on : Nov 24, 2024)",15,Maharashtra,Manoj Bhimrao Ghorpade.jpg
Manoj Devanand Kayande,1900-02-04,Sindkhed Raja,Male,Nationalist Congress Party,Elected,Graduate,2024-11-23,In Office,,,,,,,"Member's Data is taken from election affidavit 2024 (Updated as on : Nov 24, 2024)",15,Maharashtra,Kayande Manoj Devanand.jpg
Manoj Pandurang Jamsutkar,1900-02-24,Byculla,Male,Shiv Sena (Uddhav Balasaheb Thackeray),Elected,Inter/ Higher Secondary,2024-11-23,In Office,,,,,,,"Member's Data is taken from election affidavit 2024 (Updated as on : Nov 24, 2024)",15,Maharashtra,Manoj Pandurang Jamsutkar.jpg
Meghna Deepak Sakore Bordikar,1900-02-13,Jintur,Female,Bharatiya Janata Party,Elected,Post Graduate,2024-11-23,In Office,,,,,,,"Member's Data is taken from election affidavit 2024 (Updated as on : Nov 24, 2024)",15,Maharashtra,Bordikar Meghna Deepak Sakore.jpg
Mihir Kotecha,1900-02-19,Mulund,Male,Bharatiya Janata Party,Elected,Inter/ Higher Secondary,2024-11-23,In Office,,,,,,,"Member's Data is taken from election affidavit 2024 (Updated as on : Nov 24, 2024)",15,Maharashtra,Mihir Kotecha.jpg
Mohan Gopalrao Mate,1900-02-25,Nagpur South,Male,Bharatiya Janata Party,Elected,Inter/ Higher Secondary,2024-11-23,In Office,,,,,,,"Member's Data is taken from election affidavit 2024 (Updated as on : Nov 24, 2024)",15,Maharashtra,Mohan Gopalrao Mate.jpg
Monica Rajeev Rajale,1900-02-21,Shevgaon,Female,Bharatiya Janata Party,Elected,Graduate,2024-11-23,In Office,,,,,,,"Member's Data is taken from election affidavit 2024 (Updated as on : Nov 24, 2024)",15,Maharashtra,Monica Rajeev Rajale.jpg
Mufti Mohammad Ismail Abdul Khalique,1900-03-03,Malegaon Central,Male,All India Majlis-E-Ittehadul Muslimeen,Elected,Post Graduate,2024-11-23,In Office,,,,,,,"Member's Data is taken from election affidavit 2024 (Updated as on : Nov 24, 2024)",15,Maharashtra,Mufti Mohammad Ismail Abdul Khalique.jpg
Murji Patel (Kaka),1900-02-21,Andheri East,Male,Shiv Sena,Elected,Inter/ Higher Secondary,2024-11-23,In Office,,,,,,,"Member's Data is taken from election affidavit 2024 (Updated as on : Nov 24, 2024)",15,Maharashtra,Murji Patel (Kaka).jpg
Namita Akshay Mundada,1900-02-04,Kaij,Female,Bharatiya Janata Party,Elected,Graduate,2024-11-23,In Office,,,,,,,"Member's Data is taken from election affidavit 2024 (Updated as on : Nov 24, 2024)",15,Maharashtra,Namita Akshay Mundada.jpg
Nanabhau Falgunrao Patole,1900-03-01,Sakoli,Male,Indian National Congress,Elected,Inter/ Higher Secondary,2024-11-23,In Office,,,,,,,"Member's Data is taken from election affidavit 2024 (Updated as on : Nov 24, 2024)",15,Maharashtra,Nanabhau Falgunrao Patole.jpg
Narahari Sitaram Zirwal,1900-03-05,Dindori,Male,Nationalist Congress Party,Elected,Inter/ Higher Secondary,2024-11-23,In Office,,,,,,,"Member's Data is taken from election affidavit 2024 (Updated as on : Nov 24, 2024)",15,Maharashtra,Narahari Sitaram Zirwal.jpg
Narayan (Aba) Govindrao Patil,1900-02-27,Karmala,Male,Nationalist Congress Party-Sharadchandra Pawar,Elected,Inter/ Higher Secondary,2024-11-23,In Office,,,,,,,"Member's Data is taken from election affidavit 2024 (Updated as on : Nov 24, 2024)",15,Maharashtra,Narayan (Aba) Govindrao Patil.jpg
Narayan Tilakchand Kuche,1900-02-20,Badnapur,Male,Bharatiya Janata Party,Elected,Graduate,2024-11-23,In Office,,,,,,,"Member's Data is taken from election affidavit 2024 (Updated as on : Nov 24, 2024)",15,Maharashtra,Kuche Narayan Tilakchand.jpg
Narendra Bhojraj Bhondekar,1900-02-14,Bhandara,Male,Shiv Sena,Elected,Post Graduate,2024-11-23,In Office,,,,,,,"Member's Data is taken from election affidavit 2024 (Updated as on : Nov 24, 2024)",15,Maharashtra,Bhondekar Narendra Bhojraj.jpg
Narendra Mehta,1900-02-21,Mira Bhayandar,Male,Bharatiya Janata Party,Elected,Inter/ Higher Secondary,2024-11-23,In Office,,,,,,,"Member's Data is taken from election affidavit 2024 (Updated as on : Nov 24, 2024)",15,Maharashtra,Narendra Mehta.jpg
Nilangekar Sambhaji Diliprao Patil,1900-02-16,Nilanga,Male,Bharatiya Janata Party,Elected,Inter/ Higher Secondary,2024-11-23,In Office,,,,,,,"Member's Data is taken from election affidavit 2024 (Updated as on : Nov 24, 2024)",15,Maharashtra,Nilangekar Sambhaji Diliprao Patil.jpg
Nilesh Narayan Rane,1900-02-12,Kudal,Male,Shiv Sena,Elected,Post Graduate,2024-11-23,In Office,,,,,,,"Member's Data is taken from election affidavit 2024 (Updated as on : Nov 24, 2024)",15,Maharashtra,Nilesh Narayan Rane.jpg
Nitesh Narayan Rane,1900-02-11,Kankavli,Male,Bharatiya Janata Party,Elected,Post Graduate,2024-11-23,In Office,,,,,,,"Member's Data is taken from election affidavit 2024 (Updated as on : Nov 24, 2024)",15,Maharashtra,Nitesh Narayan Rane.jpg
Nitin Bhikanrao Deshmukh,1900-02-20,Balapur,Male,Shiv Sena (Uddhav Balasaheb Thackeray),Elected,Inter/ Higher Secondary,2024-11-23,In Office,,,,,,,"Member's Data is taken from election affidavit 2024 (Updated as on : Nov 24, 2024)",15,Maharashtra,Nitin Bhikanrao Deshmukh.jpg
Nitin Kashinath Raut,1900-03-12,Nagpur North,Male,Indian National Congress,Elected,Post Graduate,2024-11-23,In Office,,,,,,,"Member's Data is taken from election affidavit 2024 (Updated as on : Nov 24, 2024)",15,Maharashtra,Nitin Kashinath Raut.jpg
Nitinbhau Arjun (A.T.) Pawar,1900-02-24,Kalwan,Male,Nationalist Congress Party,Elected,Graduate,2024-11-23,In Office,,,,,,,"Member's Data is taken from election affidavit 2024 (Updated as on : Nov 24, 2024)",15,Maharashtra,Nitinbhau Arjun (A.T.) Pawar.jpg
Pankaj Rajesh Bhoyar,1900-02-16,Wardha,Male,Bharatiya Janata Party,Elected,Post Graduate,2024-11-23,In Office,,,,,,,"Member's Data is taken from election affidavit 2024 (Updated as on : Nov 24, 2024)",15,Maharashtra,Pankaj Rajesh Bhoyar.jpg
Parag Alavani,1900-02-26,Vile Parle,Male,Bharatiya Janata Party,Elected,Graduate,2024-11-23,In Office,,,,,,,"Member's Data is taken from election affidavit 2024 (Updated as on : Nov 24, 2024)",15,Maharashtra,Alavani Parag.jpg
Parag Shah,1900-02-24,Ghatkopar East,Male,Bharatiya Janata Party,Elected,Graduate,2024-11-23,In Office,,,,,,,"Member's Data is taken from election affidavit 2024 (Updated as on : Nov 24, 2024)",15,Maharashtra,Parag Shah.jpg
Pradeep Shivnarayan Jaiswal,1900-03-04,Aurangabad Central,Male,Shiv Sena,Elected,Inter/ Higher Secondary,2024-11-23,In Office,,,,,,,"Member's Data is taken from election affidavit 2024 (Updated as on : Nov 24, 2024)",15,Maharashtra,Jaiswal Pradeep Shivnarayan.jpg
Prakash (Dada) Sunadarrao Solanke,1900-03-10,Majalgaon,Male,Nationalist Congress Party,Elected,Graduate,2024-11-23,In Office,,,,,,,"Member's Data is taken from election affidavit 2024 (Updated as on : Nov 24, 2024)",15,Maharashtra,Prakash (Dada) Sunadarrao Solanke.jpg
Prakash Anandrao Abitkar,1900-02-19,Radhanagari,Male,Shiv Sena,Elected,Graduate,2024-11-23,In Office,,,,,,,"Member's Data is taken from election affidavit 2024 (Updated as on : Nov 24, 2024)",15,Maharashtra,Abitkar Prakash Anandrao.jpg
Prakash Gunwant Bharsakle,1900-03-12,Akot,Male,Bharatiya Janata Party,Elected,Inter/ Higher Secondary,2024-11-23,In Office,,,,,,,"Member's Data is taken from election affidavit 2024 (Updated as on : Nov 24, 2024)",15,Maharashtra,Prakash Gunwant Bharsakle.jpg
Prakash Surve,1900-03-02,Magathane,Male,Shiv Sena,Elected,Graduate,2024-11-23,In Office,,,,,,,"Member's Data is taken from election affidavit 2024 (Updated as on : Nov 24, 2024)",15,Maharashtra,Prakash Surve.jpg
Prashant Bansilal Bumb,1900-02-22,Gangapur,Male,Bharatiya Janata Party,Elected,Post Graduate,2024-11-23,In Office,,,,,,,"Member's Data is taken from election affidavit 2024 (Updated as on : Nov 24, 2024)",15,Maharashtra,Bumb Prashant Bansilal.jpg
Prashant Ramsheth Thakur,1900-02-19,Panvel,Male,Bharatiya Janata Party,Elected,Inter/ Higher Secondary,2024-11-23,In Office,,,,,,,"Member's Data is taken from election affidavit 2024 (Updated as on : Nov 24, 2024)",15,Maharashtra,Prashant Ramsheth Thakur.jpg
Pratap Arunrao Adsad,1900-02-15,Dhamangaon Railway,Male,Bharatiya Janata Party,Elected,Graduate,2024-11-23,In Office,,,,,,,"Member's Data is taken from election affidavit 2024 (Updated as on : Nov 24, 2024)",15,Maharashtra,Adsad Pratap Arunrao.jpg
Pratap Baburao Sarnaik,1900-02-29,Ovala - Majiwada,Male,Shiv Sena,Elected,Inter/ Higher Secondary,2024-11-23,In Office,,,,,,,"Member's Data is taken from election affidavit 2024 (Updated as on : Nov 24, 2024)",15,Maharashtra,Pratap Baburao Sarnaik.jpg
Prataprao Patil Chikhalikar,1900-03-03,Loha,Male,Nationalist Congress Party,Elected,Inter/ Higher Secondary,2024-11-23,In Office,,,,,,,"Member's Data is taken from election affidavit 2024 (Updated as on : Nov 24, 2024)",15,Maharashtra,Prataprao Patil Chikhalikar.jpg
Pravin Prabhakarrao Datke,1900-02-14,Nagpur Central,Male,Bharatiya Janata Party,Elected,Inter/ Higher Secondary,2024-11-23,In Office,,,,,,,"Member's Data is taken from election affidavit 2024 (Updated as on : Nov 24, 2024)",15,Maharashtra,Datke Pravin Prabhakarrao.jpg
Pravin Vasantrao Tayade,1900-02-20,Achalpur,Male,Bharatiya Janata Party,Elected,Inter/ Higher Secondary,2024-11-23,In Office,,,,,,,"Member's Data is taken from election affidavit 2024 (Updated as on : Nov 24, 2024)",15,Maharashtra,Pravin Vasantrao Tayade.jpg
Pravin Virbhadrayya Swami (Sir),1900-02-17,Umarga,Male,Shiv Sena (Uddhav Balasaheb Thackeray),Elected,Post Graduate,2024-11-23,In Office,,,,,,,"Member's Data is taken from election affidavit 2024 (Updated as on : Nov 24, 2024)",15,Maharashtra,Pravin Virbhadrayya Swami (Sir).jpg
R Tamil Selvan,1900-03-06,Sion Koliwada,Male,Bharatiya Janata Party,Elected,Inter/ Higher Secondary,2024-11-23,In Office,,,,,,,"Member's Data is taken from election affidavit 2024 (Updated as on : Nov 24, 2024)",15,Maharashtra,Captain R Tamil Selvan.jpg
Radhakrushna Eknathrao Vikhe Patil,1900-03-05,Shirdi,Male,Bharatiya Janata Party,Elected,Graduate,2024-11-23,In Office,,,,,,,"Member's Data is taken from election affidavit 2024 (Updated as on : Nov 24, 2024)",15,Maharashtra,Patil Vikhe Radhakrushna Eknathrao.jpg
Raghavendra (Ramdada) Manohar Patil,1900-01-31,Dhule Rural,Male,Bharatiya Janata Party,Elected,Graduate,2024-11-23,In Office,,,,,,,"Member's Data is taken from election affidavit 2024 (Updated as on : Nov 24, 2024)",15,Maharashtra,Raghavendra (Ramdada) Manohar Patil.jpg
Rahul Daulatrao Aher,1900-02-20,Chandvad,Male,Bharatiya Janata Party,Elected,Post Graduate,2024-11-23,In Office,,,,,,,"Member's Data is taken from election affidavit 2024 (Updated as on : Nov 24, 2024)",15,Maharashtra,Aher Rahul Daulatrao.jpg
Rahul Prakash Awade,1900-02-15,Ichalkaranji,Male,Bharatiya Janata Party,Elected,Post Graduate,2024-11-23,In Office,,,,,,,"Member's Data is taken from election affidavit 2024 (Updated as on : Nov 24, 2024)",15,Maharashtra,Rahul Prakash Awade.jpg
Rahul Subhashrao Kul,1900-02-16,Daund,Male,Bharatiya Janata Party,Elected,Graduate,2024-11-23,In Office,,,,,,,"Member's Data is taken from election affidavit 2024 (Updated as on : Nov 24, 2024)",15,Maharashtra,Kul Rahul Subhashrao.jpg
Rahul Suresh Narwekar,1900-02-16,Colaba,Male,Bharatiya Janata Party,Elected,Graduate,2024-11-23,In Office,,,,,,,"Member's Data is taken from election affidavit 2024 (Updated as on : Nov 24, 2024)",15,Maharashtra,Rahul Suresh Narwekar.jpg
Rahul Uttamrao Dhikale,1900-02-14,Nashik East,Male,Bharatiya Janata Party,Elected,Graduate,2024-11-23,In Office,,,,,,,"Member's Data is taken from election affidavit 2024 (Updated as on : Nov 24, 2024)",15,Maharashtra,Rahul Uttamrao Dhikale.jpg
Rahul Vedprakash Patil,1900-02-18,Parbhani,Male,Shiv Sena (Uddhav Balasaheb Thackeray),Elected,Graduate,2024-11-23,In Office,,,,,,,"Member's Data is taken from election affidavit 2024 (Updated as on : Nov 24, 2024)",15,Maharashtra,Rahul Vedprakash Patil.jpg
Rais Kasam Shaikh,1900-02-19,Bhiwandi East,Male,Samajwadi Party,Elected,Graduate,2024-11-23,In Office,,,,,,,"Member's Data is taken from election affidavit 2024 (Updated as on : Nov 24, 2024)",15,Maharashtra,Rais Kasam Shaikh.jpg
Rajan Balkrishna Naik,1900-02-29,Nalasopara,Male,Bharatiya Janata Party,Elected,Graduate,2024-11-23,In Office,,,,,,,"Member's Data is taken from election affidavit 2024 (Updated as on : Nov 24, 2024)",15,Maharashtra,Rajan Balkrishna Naik.jpg
Rajendra Dhedya Gavit,1900-02-26,Palghar,Male,Shiv Sena,Elected,Graduate,2024-11-23,In Office,,,,,,,"Member's Data is taken from election affidavit 2024 (Updated as on : Nov 24, 2024)",15,Maharashtra,Gavit Rajendra Dhedya.jpg
Rajendra Shamgonda Patil (Yadravkar),1900-02-23,Shirol,Male,Rajarshi Shahu Vikas Aghadi,Elected,Inter/ Higher Secondary,2024-11-23,In Office,,,,,,,"Member's Data is taken from election affidavit 2024 (Updated as on : Nov 24, 2024)",15,Maharashtra,Rajendra Shamgonda Patil (Yadravkar).jpg
Rajesh Bhaurao Bakane,1900-02-28,Deoli,Male,Bharatiya Janata Party,Elected,Inter/ Higher Secondary,2024-11-23,In Office,,,,,,,"Member's Data is taken from election affidavit 2024 (Updated as on : Nov 24, 2024)",15,Maharashtra,Rajesh Bhaurao Bakane.jpg
Rajesh Govardhan More,1900-02-24,Kalyan Rural,Male,Shiv Sena,Elected,Graduate,2024-11-23,In Office,,,,,,,"Member's Data is taken from election affidavit 2024 (Updated as on : Nov 24, 2024)",15,Maharashtra,Rajesh Govardhan More.jpg
Rajesh Sambhajirao Pawar,1900-02-21,Naigaon,Male,Bharatiya Janata Party,Elected,Graduate,2024-11-23,In Office,,,,,,,"Member's Data is taken from election affidavit 2024 (Updated as on : Nov 24, 2024)",15,Maharashtra,Rajesh Sambhajirao Pawar.jpg
Rajesh Shriramji Wankhade,1900-02-23,Teosa,Male,Bharatiya Janata Party,Elected,Graduate,2024-11-23,In Office,,,,,,,"Member's Data is taken from election affidavit 2024 (Updated as on : Nov 24, 2024)",15,Maharashtra,Rajesh Shriramji Wankhade.jpg
Rajesh Udesing Padvi,1900-02-24,Shahada,Male,Bharatiya Janata Party,Elected,Graduate,2024-11-23,In Office,,,,,,,"Member's Data is taken from election affidavit 2024 (Updated as on : Nov 24, 2024)",15,Maharashtra,Rajesh Udesing Padvi.jpg
Rajesh Uttamrao Vitekar,1900-02-13,Pathri,Male,Nationalist Congress Party,Elected,Graduate,2024-11-23,In Office,,,,,,,"Member's Data is taken from election affidavit 2024 (Updated as on : Nov 24, 2024)",15,Maharashtra,Rajesh Uttamrao Vitekar.jpg
Rajesh Vinayak Kshirsagar,1900-02-24,Kolhapur North,Male,Shiv Sena,Elected,Graduate,2024-11-23,In Office,,,,,,,"Member's Data is taken from election affidavit 2024 (Updated as on : Nov 24, 2024)",15,Maharashtra,Rajesh Vinayak Kshirsagar.jpg
Rajkumar Sudam Badole,1900-03-02,Arjuni Morgaon,Male,Nationalist Congress Party,Elected,Post Graduate,2024-11-23,In Office,,,,,,,"Member's Data is taken from election affidavit 2024 (Updated as on : Nov 24, 2024)",15,Maharashtra,Badole Rajkumar Sudam.jpg
Raju Gyanu Khare,1900-02-17,Mohol,Male,Nationalist Congress Party-Sharadchandra Pawar,Elected,Inter/ Higher Secondary,2024-11-23,In Office,,,,,,,"Member's Data is taken from election affidavit 2024 (Updated as on : Nov 24, 2024)",15,Maharashtra,Khare Raju Gyanu.jpg
Raju Manikrao Karemore,1900-02-22,Tumsar,Male,Nationalist Congress Party,Elected,Inter/ Higher Secondary,2024-11-23,In Office,,,,,,,"Member's Data is taken from election affidavit 2024 (Updated as on : Nov 24, 2024)",15,Maharashtra,Karemore Raju Manikrao.jpg
Raju Narayan Todsam,1900-02-18,Arni,Male,Bharatiya Janata Party,Elected,Post Graduate,2024-11-23,In Office,,,,,,,"Member's Data is taken from election affidavit 2024 (Updated as on : Nov 24, 2024)",15,Maharashtra,Raju Narayan Todsam.jpg
Ram Kadam,1900-02-21,Ghatkopar West,Male,Bharatiya Janata Party,Elected,Inter/ Higher Secondary,2024-11-23,In Office,,,,,,,"Member's Data is taken from election affidavit 2024 (Updated as on : Nov 24, 2024)",15,Maharashtra,Ram Kadam.jpg
Ramdas Maluji Masram,1900-02-24,Armori,Male,Indian National Congress,Elected,Post Graduate,2024-11-23,In Office,,,,,,,"Member's Data is taken from election affidavit 2024 (Updated as on : Nov 24, 2024)",15,Maharashtra,Ramdas Maluji Masram.jpg
Ramesh Kashiram Karad,1900-02-26,Latur Rural,Male,Bharatiya Janata Party,Elected,Graduate,2024-11-23,In Office,,,,,,,"Member's Data is taken from election affidavit 2024 (Updated as on : Nov 24, 2024)",15,Maharashtra,Ramesh Kashiram Karad.jpg
Ramesh Nanasaheb Bornare (Sir) ,1900-02-27,Vaijapur,Male,Shiv Sena,Elected,Post Graduate,2024-11-23,In Office,,,,,,,"Member's Data is taken from election affidavit 2024 (Updated as on : Nov 24, 2024)",15,Maharashtra,Bornare (Sir) Ramesh Nanasaheb.jpg
Ramji Narote Milind,1900-02-08,Gadchiroli,Male,Bharatiya Janata Party,Elected,Graduate,2024-11-23,In Office,,,,,,,"Member's Data is taken from election affidavit 2024 (Updated as on : Nov 24, 2024)",15,Maharashtra,Milind Ramji Narote.jpg
Ranajagjitsinha Padmasinha Patil,1900-02-21,Tuljapur,Male,Bharatiya Janata Party,Elected,Graduate,2024-11-23,In Office,,,,,,,"Member's Data is taken from election affidavit 2024 (Updated as on : Nov 24, 2024)",15,Maharashtra,Ranajagjitsinha Padmasinha Patil.jpg
Randhir Pralhadrao Sawarkar,1900-02-20,Akola East,Male,Bharatiya Janata Party,Elected,Graduate,2024-11-23,In Office,,,,,,,"Member's Data is taken from election affidavit 2024 (Updated as on : Nov 24, 2024)",15,Maharashtra,Randhir Pralhadrao Sawarkar.jpg
Ranjanatai (Sanjana) Harshvardhan Jadhav,1900-02-10,Kannad,Female,Shiv Sena,Elected,Graduate,2024-11-23,In Office,,,,,,,"Member's Data is taken from election affidavit 2024 (Updated as on : Nov 24, 2024)",15,Maharashtra,Ranjanatai (Sanjana) Harshvardhan Jadhav.jpg
Ratnakar Manikrao Gutte,1900-03-06,Gangakhed,Male,Rashtriya Samaj Paksha,Elected,Inter/ Higher Secondary,2024-11-23,In Office,,,,,,,"Member's Data is taken from election affidavit 2024 (Updated as on : Nov 24, 2024)",15,Maharashtra,Gutte Ratnakar Manikrao.jpg
Ravi Gangadhar Rana,1900-02-14,Badnera,Male,Rashtriya Yuva Swabhiman Party,Elected,Graduate,2024-11-23,In Office,,,,,,,"Member's Data is taken from election affidavit 2024 (Updated as on : Nov 24, 2024)",15,Maharashtra,Ravi Gangadhar Rana.jpg
Ravindra Dagdu Patil,1900-03-13,Pen,Male,Bharatiya Janata Party,Elected,Inter/ Higher Secondary,2024-11-23,In Office,,,,,,,"Member's Data is taken from election affidavit 2024 (Updated as on : Nov 24, 2024)",15,Maharashtra,Dadaji Dagdu Bhuse.jpg
Ravindra Dattatray Chavan,1900-02-23,Dombivali,Male,Bharatiya Janata Party,Elected,Graduate,2024-11-23,In Office,,,,,,,"Member's Data is taken from election affidavit 2024 (Updated as on : Nov 24, 2024)",15,Maharashtra,Chavan Ravindra Dattatray.jpg
Rohit Rajendra Pawar,1900-02-08,Karjat Jamkhed,Male,Nationalist Congress Party-Sharadchandra Pawar,Elected,Graduate,2024-11-23,In Office,,,,,,,"Member's Data is taken from election affidavit 2024 (Updated as on : Nov 24, 2024)",15,Maharashtra,Rohit Pawar.jpg
Rohit Suman R.R. Aba Patil,1900-01-25,Tasgaon - Kavathe Mahankal,Male,Nationalist Congress Party-Sharadchandra Pawar,Elected,Graduate,2024-11-23,In Office,,,,,,,"Member's Data is taken from election affidavit 2024 (Updated as on : Nov 24, 2024)",15,Maharashtra,Rohit Suman R.R. Aba Patil.jpg
Sachin Panchappa Kalyanshetti,1900-02-13,Akkalkot,Male,Bharatiya Janata Party,Elected,Graduate,2024-11-23,In Office,,,,,,,"Member's Data is taken from election affidavit 2024 (Updated as on : Nov 24, 2024)",15,Maharashtra,Kalyanshetti Sachin Panchappa.jpg
Sachin Patil,1900-02-23,Phaltan,Male,Nationalist Congress Party,Elected,Inter/ Higher Secondary,2024-11-23,In Office,,,,,,,"Member's Data is taken from election affidavit 2024 (Updated as on : Nov 24, 2024)",15,Maharashtra,Sachin Patil.jpg
Sai Prakash Dahake,1900-02-29,Karanja,Female,Bharatiya Janata Party,Elected,Inter/ Higher Secondary,2024-11-23,In Office,,,,,,,"Member's Data is taken from election affidavit 2024 (Updated as on : Nov 24, 2024)",15,Maharashtra,Sai Prakash Dahake.jpg
Sajid Khan Pathan,1900-02-18,Akola West,Male,Indian National Congress,Elected,Inter/ Higher Secondary,2024-11-23,In Office,,,,,,,"Member's Data is taken from election affidavit 2024 (Updated as on : Nov 24, 2024)",15,Maharashtra,Sajid Khan Pathan.jpg
Samadhan Mahadeo Autade,1900-02-17,Pandharpur,Male,Bharatiya Janata Party,Elected,Inter/ Higher Secondary,2024-11-23,In Office,,,,,,,"Member's Data is taken from election affidavit 2024 (Updated as on : Nov 24, 2024)",15,Maharashtra,Autade Samadhan Mahadeo.jpg
Sambharao alias Baburao Kadam,1900-02-25,Hadgaon,Male,Shiv Sena,Elected,Graduate,2024-11-23,In Office,,,,,,,"Member's Data is taken from election affidavit 2024 (Updated as on : Nov 24, 2024)",15,Maharashtra,Kohlikar Baburao Kadam.jpg
Sameer Dattatraya Meghe,1900-02-15,Hingna,Male,Bharatiya Janata Party,Elected,Graduate,2024-11-23,In Office,,,,,,,"Member's Data is taken from election affidavit 2024 (Updated as on : Nov 24, 2024)",15,Maharashtra,Sameer Dattatraya Meghe.jpg
Samir Tryambakrao Kunawar,1900-02-25,Hinganghat,Male,Bharatiya Janata Party,Elected,Inter/ Higher Secondary,2024-11-23,In Office,,,,,,,"Member's Data is taken from election affidavit 2024 (Updated as on : Nov 24, 2024)",15,Maharashtra,Samir Tryambakrao Kunawar.jpg
Sana Malik,1900-02-06,Anushakti Nagar,Female,Nationalist Congress Party,Elected,Graduate,2024-11-23,In Office,,,,,,,"Member's Data is taken from election affidavit 2024 (Updated as on : Nov 24, 2024)",15,Maharashtra,Sana Malik.jpg
Sandeep Ravindra Kshirsagar,1900-02-12,Beed,Male,Nationalist Congress Party-Sharadchandra Pawar,Elected,Graduate,2024-11-23,In Office,,,,,,,"Member's Data is taken from election affidavit 2024 (Updated as on : Nov 24, 2024)",15,Maharashtra,Sandeep Ravindra Kshirsagar.jpg
Sangram Arunkaka Jagtap,1900-02-08,Ahmednagar City,Male,Nationalist Congress Party,Elected,Graduate,2024-11-23,In Office,,,,,,,"Member's Data is taken from election affidavit 2024 (Updated as on : Nov 24, 2024)",15,Maharashtra,Sangram Arunkaka Jagtap.jpg
Sanjay Baburao Bansode,1900-02-21,Udgir,Male,Nationalist Congress Party,Elected,Inter/ Higher Secondary,2024-11-23,In Office,,,,,,,"Member's Data is taken from election affidavit 2024 (Updated as on : Nov 24, 2024)",15,Maharashtra,Sanjay Baburao Bansode.jpg
Sanjay Dulichand Rathod,1900-02-21,Digras,Male,Shiv Sena,Elected,Graduate,2024-11-23,In Office,,,,,,,"Member's Data is taken from election affidavit 2024 (Updated as on : Nov 24, 2024)",15,Maharashtra,Rathod Sanjay Dulichand.jpg
Sanjay Govind Potnis,1900-03-09,Kalina,Male,Shiv Sena (Uddhav Balasaheb Thackeray),Elected,Inter/ Higher Secondary,2024-11-23,In Office,,,,,,,"Member's Data is taken from election affidavit 2024 (Updated as on : Nov 24, 2024)",15,Maharashtra,Sanjay Govind Potnis.jpg
Sanjay Mukund Kelkar,1900-03-08,Thane,Male,Bharatiya Janata Party,Elected,Graduate,2024-11-23,In Office,,,,,,,"Member's Data is taken from election affidavit 2024 (Updated as on : Nov 24, 2024)",15,Maharashtra,Sanjay Mukund Kelkar.jpg
Sanjay Narayanrao Meshram,1900-03-05,Umred,Male,Indian National Congress,Elected,Graduate,2024-11-23,In Office,,,,,,,"Member's Data is taken from election affidavit 2024 (Updated as on : Nov 24, 2024)",15,Maharashtra,Sanjay Narayanrao Meshram.jpg
Sanjay Nilkanthrao Derkar,1900-02-29,Wani,Male,Shiv Sena (Uddhav Balasaheb Thackeray),Elected,Post Graduate,2024-11-23,In Office,,,,,,,"Member's Data is taken from election affidavit 2024 (Updated as on : Nov 24, 2024)",15,Maharashtra,Derkar Sanjay Nilkanthrao.jpg
Sanjay Pandurang Shirsat,1900-03-02,Aurangabad West,Male,Shiv Sena,Elected,Inter/ Higher Secondary,2024-11-23,In Office,,,,,,,"Member's Data is taken from election affidavit 2024 (Updated as on : Nov 24, 2024)",15,Maharashtra,Sanjay Pandurang Shirsat.jpg
Sanjay Puram,1900-02-21,Amgaon,Male,Bharatiya Janata Party,Elected,Inter/ Higher Secondary,2024-11-23,In Office,,,,,,,"Member's Data is taken from election affidavit 2024 (Updated as on : Nov 24, 2024)",15,Maharashtra,Sanjay Puram.jpg
Sanjay Rambhau Gaikwad,1900-02-26,Buldhana,Male,Shiv Sena,Elected,Inter/ Higher Secondary,2024-11-23,In Office,,,,,,,"Member's Data is taken from election affidavit 2024 (Updated as on : Nov 24, 2024)",15,Maharashtra,Gaikwad Sanjay Rambhau.jpg
Sanjay Shriram Kute,1900-02-24,Jalgaon (Jamod),Male,Bharatiya Janata Party,Elected,Graduate,2024-11-23,In Office,,,,,,,"Member's Data is taken from election affidavit 2024 (Updated as on : Nov 24, 2024)",15,Maharashtra,Kute Sanjay Shriram.jpg
Sanjay Upadhyay,1900-02-20,Borivali,Male,Bharatiya Janata Party,Elected,Post Graduate,2024-11-23,In Office,,,,,,,"Member's Data is taken from election affidavit 2024 (Updated as on : Nov 24, 2024)",15,Maharashtra,Sanjay Upadhyay.jpg
Sanjay Waman Savkare,1900-02-24,Bhusawal,Male,Bharatiya Janata Party,Elected,Inter/ Higher Secondary,2024-11-23,In Office,,,,,,,"Member's Data is taken from election affidavit 2024 (Updated as on : Nov 24, 2024)",15,Maharashtra,Savkare Sanjay Waman.jpg
Santosh Laxmanrao Bangar,1900-02-13,Kalamnuri,Male,Shiv Sena,Elected,Inter/ Higher Secondary,2024-11-23,In Office,,,,,,,"Member's Data is taken from election affidavit 2024 (Updated as on : Nov 24, 2024)",15,Maharashtra,Bangar Santosh Laxmanrao.jpg
Santosh Raosaheb Danve,1900-02-09,Bhokardan,Male,Bharatiya Janata Party,Elected,Graduate,2024-11-23,In Office,,,,,,,"Member's Data is taken from election affidavit 2024 (Updated as on : Nov 24, 2024)",15,Maharashtra,Danve Santosh Raosaheb.jpg
Saroj Babulal Ahire,1900-02-12,Deolali,Female,Nationalist Congress Party,Elected,Graduate,2024-11-23,In Office,,,,,,,"Member's Data is taken from election affidavit 2024 (Updated as on : Nov 24, 2024)",15,Maharashtra,Ahire Saroj Babulal.jpg
Satyajit Shivajirao Deshmukh,1900-02-20,Shirala,Male,Bharatiya Janata Party,Elected,Graduate,2024-11-23,In Office,,,,,,,"Member's Data is taken from election affidavit 2024 (Updated as on : Nov 24, 2024)",15,Maharashtra,Deshmukh Satyajit Shivajirao.jpg
Seema Mahesh Hiray,1900-02-23,Nashik West,Female,Bharatiya Janata Party,Elected,Graduate,2024-11-23,In Office,,,,,,,"Member's Data is taken from election affidavit 2024 (Updated as on : Nov 24, 2024)",15,Maharashtra,Hiray Seema Mahesh.jpg
Shambhuraj Shivajirao Desai,1900-02-27,Patan,Male,Shiv Sena,Elected,Inter/ Higher Secondary,2024-11-23,In Office,,,,,,,"Member's Data is taken from election affidavit 2024 (Updated as on : Nov 24, 2024)",15,Maharashtra,Desai Shambhuraj Shivajirao.jpg
Shankar Hiraman Mandekar,1900-02-20,Bhor,Male,Nationalist Congress Party,Elected,Inter/ Higher Secondary,2024-11-23,In Office,,,,,,,"Member's Data is taken from election affidavit 2024 (Updated as on : Nov 24, 2024)",15,Maharashtra,Shankar Hiraman Mandekar.jpg
Shankar Pandurang Jagtap,1900-02-19,Chinchwad,Male,Bharatiya Janata Party,Elected,Post Graduate,2024-11-23,In Office,,,,,,,"Member's Data is taken from election affidavit 2024 (Updated as on : Nov 24, 2024)",15,Maharashtra,Jagtap Shankar Pandurang.jpg
Shantaram Tukaram More,1900-02-23,Bhiwandi Rural,Male,Shiv Sena,Elected,Graduate,2024-11-23,In Office,,,,,,,"Member's Data is taken from election affidavit 2024 (Updated as on : Nov 24, 2024)",15,Maharashtra,Shantaram Tukaram More.jpg
Sharaddada Bhimaji Sonawane,1900-02-20,Junnar,Male,Independent,Elected,Inter/ Higher Secondary,2024-11-23,In Office,,,,,,,"Member's Data is taken from election affidavit 2024 (Updated as on : Nov 24, 2024)",15,Maharashtra,Sharaddada Bhimaji Sonawane.jpg
Shekhar Govindrao Nikam,1900-02-27,Chiplun,Male,Nationalist Congress Party,Elected,Post Graduate,2024-11-23,In Office,,,,,,,"Member's Data is taken from election affidavit 2024 (Updated as on : Nov 24, 2024)",15,Maharashtra,Shekhar Govindrao Nikam.jpg
Shirishkumar Surupsing Naik,1900-02-21,Nawapur,Male,Indian National Congress,Elected,Graduate,2024-11-23,In Office,,,,,,,"Member's Data is taken from election affidavit 2024 (Updated as on : Nov 24, 2024)",15,Maharashtra,Shirishkumar Surupsing Naik.jpg
Shivaji Bhanudas Kardile,1900-03-06,Rahuri,Male,Bharatiya Janata Party,Elected,Inter/ Higher Secondary,2024-11-23,2025-10-17,,,,,,,"Member's Data is taken from election affidavit 2024 (Updated as on : Nov 24, 2024)",15,Maharashtra,Kardile Shivaji Bhanudas.jpg
Akshay Shivajirao Kardile,Info not available,Rahuri,Male,Bharatiya Janata Party,Elected,Information not available,2026-05-04,In Office,,,,,,,,15,Maharashtra,Akshay Shivajirao Kardile.jpg
Shivaji Shattupa Patil,1900-02-24,Chandgad,Male,Independent,Elected,Inter/ Higher Secondary,2024-11-23,In Office,,,,,,,"Member's Data is taken from election affidavit 2024 (Updated as on : Nov 24, 2024)",15,Maharashtra,Shivaji Shattupa Patil.jpg
Shivendraraje Abhaysinhraje Bhonsle,1900-02-20,Satara,Male,Bharatiya Janata Party,Elected,Inter/ Higher Secondary,2024-11-23,In Office,,,,,,,"Member's Data is taken from election affidavit 2024 (Updated as on : Nov 24, 2024)",15,Maharashtra,Shivendraraje Abhaysinhraje Bhonsle.jpg
Shweta Vidyadhar Mahale,1900-02-10,Chikhli,Female,Bharatiya Janata Party,Elected,Inter/ Higher Secondary,2024-11-23,In Office,,,,,,,"Member's Data is taken from election affidavit 2024 (Updated as on : Nov 24, 2024)",15,Maharashtra,Shweta Vidyadhar Mahale.jpg
Shyam Ramcharan Khode,1900-02-27,Washim,Male,Bharatiya Janata Party,Elected,Inter/ Higher Secondary,2024-11-23,In Office,,,,,,,"Member's Data is taken from election affidavit 2024 (Updated as on : Nov 24, 2024)",15,Maharashtra,Shyam Ramcharan Khode.jpg
Siddharth Anil Shirole,1900-02-14,Shivajinagar,Male,Bharatiya Janata Party,Elected,Graduate,2024-11-23,In Office,,,,,,,"Member's Data is taken from election affidavit 2024 (Updated as on : Nov 24, 2024)",15,Maharashtra,Siddharth Anil Shirole.jpg
Siddharth Rambhau Kharat,1900-02-27,Mehkar,Male,Shiv Sena (Uddhav Balasaheb Thackeray),Elected,Post Graduate,2024-11-23,In Office,,,,,,,"Member's Data is taken from election affidavit 2024 (Updated as on : Nov 24, 2024)",15,Maharashtra,Kharat Siddharth Rambhau.jpg
Sneha Dube Pandit,1900-02-07,Vasai,Female,Bharatiya Janata Party,Elected,Graduate,2024-11-23,In Office,,,,,,,"Member's Data is taken from election affidavit 2024 (Updated as on : Nov 24, 2024)",15,Maharashtra,Sneha Dube Pandit.jpg
Sreejaya Ashokrao Chavan,1900-02-01,Bhokar,Female,Bharatiya Janata Party,Elected,Graduate,2024-11-23,In Office,,,,,,,"Member's Data is taken from election affidavit 2024 (Updated as on : Nov 24, 2024)",15,Maharashtra,Chavan Sreejaya Ashokrao.jpg
Subhash Sureshchandra Deshmukh,1900-03-07,Solapur South,Male,Bharatiya Janata Party,Elected,Inter/ Higher Secondary,2024-11-23,In Office,,,,,,,"Member's Data is taken from election affidavit 2024 (Updated as on : Nov 24, 2024)",15,Maharashtra,Deshmukh Subhash Sureshchandra.jpg
Sudhir Sacchidanand Mungantiwar,1900-03-02,Ballarpur,Male,Bharatiya Janata Party,Elected,Post Graduate,2024-11-23,In Office,,,,,,,"Member's Data is taken from election affidavit 2024 (Updated as on : Nov 24, 2024)",15,Maharashtra,Mungantiwar Sudhir Sacchidanand.jpg
Suhas (Aanna) Dwarkanath Kande,1900-02-18,Nandgaon,Male,Shiv Sena,Elected,Graduate,2024-11-23,In Office,,,,,,,"Member's Data is taken from election affidavit 2024 (Updated as on : Nov 24, 2024)",15,Maharashtra,Suhas (Aanna) Dwarkanath Kande.jpg
Suhas Anilrao Babar,1900-02-12,Khanapur,Male,Shiv Sena,Elected,Post Graduate,2024-11-23,In Office,,,,,,,"Member's Data is taken from election affidavit 2024 (Updated as on : Nov 24, 2024)",15,Maharashtra,Babar Suhas Anilbhau.jpg
Sulbha Ganpat Gaikwad,1900-02-22,Kalyan East,Female,Bharatiya Janata Party,Elected,Inter/ Higher Secondary,2024-11-23,In Office,,,,,,,"Member's Data is taken from election affidavit 2024 (Updated as on : Nov 24, 2024)",15,Maharashtra,Sulbha Ganpat Gaikwad.jpg
Sulbha Sanjay Khodke,1900-03-01,Amravati,Female,Nationalist Congress Party,Elected,Post Graduate,2024-11-23,In Office,,,,,,,"Member's Data is taken from election affidavit 2024 (Updated as on : Nov 24, 2024)",15,Maharashtra,Sulbha Sanjay Khodke.jpg
Sumit Wankhede,1900-02-09,Arvi,Male,Bharatiya Janata Party,Elected,Graduate,2024-11-23,In Office,,,,,,,"Member's Data is taken from election affidavit 2024 (Updated as on : Nov 24, 2024)",15,Maharashtra,Sumit Wankhede.jpg
Sunil Dyandev Kamble,1900-02-25,Pune Cantonment,Male,Bharatiya Janata Party,Elected,Inter/ Higher Secondary,2024-11-23,In Office,,,,,,,"Member's Data is taken from election affidavit 2024 (Updated as on : Nov 24, 2024)",15,Maharashtra,Kamble Sunil Dyandev.jpg
Sunil Rajaram Raut,1900-02-28,Vikhroli,Male,Shiv Sena (Uddhav Balasaheb Thackeray),Elected,Inter/ Higher Secondary,2024-11-23,In Office,,,,,,,"Member's Data is taken from election affidavit 2024 (Updated as on : Nov 24, 2024)",15,Maharashtra,Sunil Rajaram Raut.jpg
Sunil Shankarrao Shelke,1900-02-13,Maval,Male,Nationalist Congress Party,Elected,Inter/ Higher Secondary,2024-11-23,In Office,,,,,,,"Member's Data is taken from election affidavit 2024 (Updated as on : Nov 24, 2024)",15,Maharashtra,Sunil Shankarrao Shelke.jpg
Sunil Waman Prabhu,1900-02-24,Dindoshi,Male,Shiv Sena (Uddhav Balasaheb Thackeray),Elected,Inter/ Higher Secondary,2024-11-23,In Office,,,,,,,"Member's Data is taken from election affidavit 2024 (Updated as on : Nov 24, 2024)",15,Maharashtra,Sunil Waman Prabhu.jpg
Suresh (Bhau) Dagadu Khade,1900-03-06,Miraj,Male,Bharatiya Janata Party,Elected,Post Graduate,2024-11-23,In Office,,,,,,,"Member's Data is taken from election affidavit 2024 (Updated as on : Nov 24, 2024)",15,Maharashtra,Suresh(Bhau) Dagadu Khade.jpg
Suresh Damu Bhole (Raju Mama),1900-02-28,Jalgaon City,Male,Bharatiya Janata Party,Elected,Graduate,2024-11-23,In Office,,,,,,,"Member's Data is taken from election affidavit 2024 (Updated as on : Nov 24, 2024)",15,Maharashtra,Suresh Damu Bhole (Raju Mama).jpg
Suresh Ramchandra Dhas,1900-02-23,Ashti,Male,Bharatiya Janata Party,Elected,Graduate,2024-11-23,In Office,,,,,,,"Member's Data is taken from election affidavit 2024 (Updated as on : Nov 24, 2024)",15,Maharashtra,Dhas Suresh Ramchandra.jpg
Tanaji Jayawant Sawant,1900-02-29,Paranda,Male,Shiv Sena,Elected,Post Graduate,2024-11-23,In Office,,,,,,,"Member's Data is taken from election affidavit 2024 (Updated as on : Nov 24, 2024)",15,Maharashtra,Tanaji Jayawant Sawant.jpg
Tanhaji Sakharamji Mutkule,1900-03-03,Hingoli,Male,Bharatiya Janata Party,Elected,Inter/ Higher Secondary,2024-11-23,In Office,,,,,,,"Member's Data is taken from election affidavit 2024 (Updated as on : Nov 24, 2024)",15,Maharashtra,Mutkule Tanhaji Sakharamji.jpg
Tukaram Ramkrushna Kate,1900-03-02,Chembur,Male,Shiv Sena,Elected,Inter/ Higher Secondary,2024-11-23,In Office,,,,,,,"Member's Data is taken from election affidavit 2024 (Updated as on : Nov 24, 2024)",15,Maharashtra,Tukaram Ramkrushna Kate.jpg
Tushar Govindrao Rathod,1900-02-14,Mukhed,Male,Bharatiya Janata Party,Elected,Post Graduate,2024-11-23,In Office,,,,,,,"Member's Data is taken from election affidavit 2024 (Updated as on : Nov 24, 2024)",15,Maharashtra,Tushar Govindrao Rathod.jpg
Uday Ravindra Samant,1900-02-17,Ratnagiri,Male,Shiv Sena,Elected,Inter/ Higher Secondary,2024-11-23,In Office,,,,,,,"Member's Data is taken from election affidavit 2024 (Updated as on : Nov 24, 2024)",15,Maharashtra,Uday Ravindra Samant.jpg
Umesh Alias Chandu Atmaramji Yawalkar,1900-02-21,Morshi,Male,Bharatiya Janata Party,Elected,Graduate,2024-11-23,In Office,,,,,,,"Member's Data is taken from election affidavit 2024 (Updated as on : Nov 24, 2024)",15,Maharashtra,Umesh Alias Chandu Atmaramji Yawalkar.jpg
Uttamrao Shivdas Jankar,1900-02-27,Malshiras,Male,Nationalist Congress Party-Sharadchandra Pawar,Elected,Graduate,2024-11-23,In Office,,,,,,,"Member's Data is taken from election affidavit 2024 (Updated as on : Nov 24, 2024)",15,Maharashtra,Uttamrao Shivdas Jankar.jpg
Varun Satish Sardesai,1900-02-01,Vandre East,Male,Shiv Sena (Uddhav Balasaheb Thackeray),Elected,Post Graduate,2024-11-23,In Office,,,,,,,"Member's Data is taken from election affidavit 2024 (Updated as on : Nov 24, 2024)",15,Maharashtra,Varun Satish Sardesai.jpg
Vidya Jaiprakash Thakur,1900-03-03,Goregaon,Female,Bharatiya Janata Party,Elected,Inter/ Higher Secondary,2024-11-23,In Office,,,,,,,"Member's Data is taken from election affidavit 2024 (Updated as on : Nov 24, 2024)",15,Maharashtra,Vidya Jaiprakash Thakur.jpg
Vijay Bharatlal Rahangdale,1900-02-25,Tirora,Male,Bharatiya Janata Party,Elected,Graduate,2024-11-23,In Office,,,,,,,"Member's Data is taken from election affidavit 2024 (Updated as on : Nov 24, 2024)",15,Maharashtra,Vijay Bharatlal Rahangdale.jpg
Vijay Namdeorao Wadettiwar,1900-03-01,Brahmapuri,Male,Indian National Congress,Elected,Inter/ Higher Secondary,2024-11-23,In Office,,,,,,,"Member's Data is taken from election affidavit 2024 (Updated as on : Nov 24, 2024)",15,Maharashtra,Vijay Namdeorao Wadettiwar.jpg
Vijay Sidramappa Deshmukh,1900-02-29,Solapur City North,Male,Bharatiya Janata Party,Elected,Graduate,2024-11-23,In Office,,,,,,,"Member's Data is taken from election affidavit 2024 (Updated as on : Nov 24, 2024)",15,Maharashtra,Deshmukh Vijay Sidramappa.jpg
Vijaybapu Shivtare,1900-03-05,Purandar,Male,Shiv Sena,Elected,Inter/ Higher Secondary,2024-11-23,In Office,,,,,,,"Member's Data is taken from election affidavit 2024 (Updated as on : Nov 24, 2024)",15,Maharashtra,Vijaybapu Shivtare.jpg
Vijaykumar Krushanrao Gavit,1900-03-09,Nandurbar,Male,Bharatiya Janata Party,Elected,Post Graduate,2024-11-23,In Office,,,,,,,"Member's Data is taken from election affidavit 2024 (Updated as on : Nov 24, 2024)",15,Maharashtra,Vijaykumar Krushanrao Gavit.jpg
Vijaysinh Shivajirao Pandit,1900-02-16,Georai,Male,Nationalist Congress Party,Elected,Graduate,2024-11-23,In Office,,,,,,,"Member's Data is taken from election affidavit 2024 (Updated as on : Nov 24, 2024)",15,Maharashtra,Vijaysinh Shivajirao Pandit.jpg
Vikas Pandurang Thakre,1900-02-27,Nagpur West,Male,Indian National Congress,Elected,Graduate,2024-11-23,In Office,,,,,,,"Member's Data is taken from election affidavit 2024 (Updated as on : Nov 24, 2024)",15,Maharashtra,Vikas Pandurang Thakre.jpg
Vikram Babanrao Pachpute,1900-02-08,Shrigonda,Male,Bharatiya Janata Party,Elected,Post Graduate,2024-11-23,In Office,,,,,,,"Member's Data is taken from election affidavit 2024 (Updated as on : Nov 24, 2024)",15,Maharashtra,Pachpute Vikram Babanrao.jpg
Vilas Sandipanrao Bhumre,1900-02-07,Paithan,Male,Shiv Sena,Elected,Post Graduate,2024-11-23,In Office,,,,,,,"Member's Data is taken from election affidavit 2024 (Updated as on : Nov 24, 2024)",15,Maharashtra,Bhumre Vilas Sandipanrao.jpg
Vilas Sukur Tare,1900-02-21,Boisar,Male,Shiv Sena,Elected,Inter/ Higher Secondary,2024-11-23,In Office,,,,,,,"Member's Data is taken from election affidavit 2024 (Updated as on : Nov 24, 2024)",15,Maharashtra,Vilas Sukur Tare.jpg
Vinay Vilasrao Kore (Savkar),1900-02-21,Shahuwadi,Male,Jan Surajya Shakti,Elected,Inter/ Higher Secondary,2024-11-23,In Office,,,,,,,"Member's Data is taken from election affidavit 2024 (Updated as on : Nov 24, 2024)",15,Maharashtra,Vinay Vilasrao Kore (Savkar).jpg
Vinod Agrawal,1900-02-24,Gondiya,Male,Bharatiya Janata Party,Elected,Inter/ Higher Secondary,2024-11-23,In Office,,,,,,,"Member's Data is taken from election affidavit 2024 (Updated as on : Nov 24, 2024)",15,Maharashtra,Agrawal Vinod.jpg
Vinod Bhiva Nikole,1900-02-18,Dahanu,Male,Communist Party Of India (Marxist),Elected,Inter/ Higher Secondary,2024-11-23,In Office,,,,,,,"Member's Data is taken from election affidavit 2024 (Updated as on : Nov 24, 2024)",15,Maharashtra,Vinod Bhiva Nikole.jpg
Vishwajit Patangrao Kadam,1900-02-12,Palus - Kadegaon,Male,Indian National Congress,Elected,Post Graduate,2024-11-23,In Office,,,,,,,"Member's Data is taken from election affidavit 2024 (Updated as on : Nov 24, 2024)",15,Maharashtra,Kadam Vishwajit Patangrao.jpg
Vishwanath Atmaram Bhoir,1900-02-23,Kalyan West,Male,Shiv Sena,Elected,Graduate,2024-11-23,In Office,,,,,,,"Member's Data is taken from election affidavit 2024 (Updated as on : Nov 24, 2024)",15,Maharashtra,Vishwanath Atmaram Bhoir.jpg
Vithoba Bharane Dattatraya,1900-02-25,Indapur,Male,Nationalist Congress Party,Elected,Inter/ Higher Secondary,2024-11-23,In Office,,,,,,,"Member's Data is taken from election affidavit 2024 (Updated as on : Nov 24, 2024)",15,Maharashtra,Dattatraya Vithoba Bharane.jpg
Vitthal Vakilrao Langhe,1900-02-26,Nevasa,Male,Shiv Sena,Elected,Inter/ Higher Secondary,2024-11-23,In Office,,,,,,,"Member's Data is taken from election affidavit 2024 (Updated as on : Nov 24, 2024)",15,Maharashtra,Vitthal Vakilrao Langhe.jpg
Yogesh Sagar,1900-03-02,Charkop,Male,Bharatiya Janata Party,Elected,Inter/ Higher Secondary,2024-11-23,In Office,,,,,,,"Member's Data is taken from election affidavit 2024 (Updated as on : Nov 24, 2024)",15,Maharashtra,Yogesh Sagar.jpg
Yogeshdada Ramdas Kadam,1900-02-07,Dapoli,Male,Shiv Sena,Elected,Graduate,2024-11-23,In Office,,,,,,,"Member's Data is taken from election affidavit 2024 (Updated as on : Nov 24, 2024)",15,Maharashtra,Kadam Yogeshdada Ramdas.jpg
